<?xml version="1.0" encoding="UTF-8"?><rss version="2.0"
	xmlns:content="http://purl.org/rss/1.0/modules/content/"
	xmlns:dc="http://purl.org/dc/elements/1.1/"
	xmlns:atom="http://www.w3.org/2005/Atom"
	xmlns:sy="http://purl.org/rss/1.0/modules/syndication/"
	
	xmlns:georss="http://www.georss.org/georss"
	xmlns:geo="http://www.w3.org/2003/01/geo/wgs84_pos#"
	
	>
<channel>
	<title>
	Các phản hồi luận về: V-Neck T-Shirt	</title>
	<atom:link href="/s%E1%BA%A3n%20ph%E1%BA%A9m/v-neck-t-shirt/feed/" rel="self" type="application/rss+xml" />
	<link>/sản%20phẩm/v-neck-t-shirt/</link>
	<description>Just another Music pdf site</description>
	<lastBuildDate>Wed, 16 Jan 2019 13:01:52 +0000</lastBuildDate>
	<sy:updatePeriod>
	hourly	</sy:updatePeriod>
	<sy:updateFrequency>
	1	</sy:updateFrequency>
	<generator>https://wordpress.org/?v=5.7.2</generator>
</channel>
</rss>
