<?xml version="1.0" encoding="UTF-8"?><rss version="2.0"
	xmlns:content="http://purl.org/rss/1.0/modules/content/"
	xmlns:wfw="http://wellformedweb.org/CommentAPI/"
	xmlns:dc="http://purl.org/dc/elements/1.1/"
	xmlns:atom="http://www.w3.org/2005/Atom"
	xmlns:sy="http://purl.org/rss/1.0/modules/syndication/"
	xmlns:slash="http://purl.org/rss/1.0/modules/slash/"
	
	xmlns:georss="http://www.georss.org/georss"
	xmlns:geo="http://www.w3.org/2003/01/geo/wgs84_pos#"
	>

<channel>
	<title>ragtime &#8211; pdfmusic &#8211; jazz &#8211; pop &#8211; rock</title>
	<atom:link href="/danh-muc-san-pham/jazz/ragtime/feed/" rel="self" type="application/rss+xml" />
	<link>/</link>
	<description>Just another Music pdf site</description>
	<lastBuildDate>Sun, 24 Jan 2021 12:50:14 +0000</lastBuildDate>
	<language>vi</language>
	<sy:updatePeriod>
	hourly	</sy:updatePeriod>
	<sy:updateFrequency>
	1	</sy:updateFrequency>
	<generator>https://wordpress.org/?v=5.7.2</generator>
<site xmlns="com-wordpress:feed-additions:1">188181988</site>	<item>
		<title>etude 1 ragtime</title>
		<link>/sản%20phẩm/etude-1-ragtime/</link>
					<comments>/sản%20phẩm/etude-1-ragtime/#respond</comments>
		
		<dc:creator><![CDATA[admin]]></dc:creator>
		<pubDate>Tue, 19 Jan 2021 08:41:08 +0000</pubDate>
				<guid isPermaLink="false">/?post_type=product&#038;p=280</guid>

					<description><![CDATA[05]]></description>
										<content:encoded><![CDATA[<p><a href="/wp-content/uploads/2021/01/05-1.pdf">05</a></p>
[contact-form]
]]></content:encoded>
					
					<wfw:commentRss>/sản%20phẩm/etude-1-ragtime/feed/</wfw:commentRss>
			<slash:comments>0</slash:comments>
		
		
		<post-id xmlns="com-wordpress:feed-additions:1">280</post-id>	</item>
	</channel>
</rss>
