<?xml version="1.0" encoding="UTF-8"?><rss version="2.0"
	xmlns:content="http://purl.org/rss/1.0/modules/content/"
	xmlns:wfw="http://wellformedweb.org/CommentAPI/"
	xmlns:dc="http://purl.org/dc/elements/1.1/"
	xmlns:atom="http://www.w3.org/2005/Atom"
	xmlns:sy="http://purl.org/rss/1.0/modules/syndication/"
	xmlns:slash="http://purl.org/rss/1.0/modules/slash/"
	
	xmlns:georss="http://www.georss.org/georss"
	xmlns:geo="http://www.w3.org/2003/01/geo/wgs84_pos#"
	>

<channel>
	<title>Sản phẩm &#8211; pdfmusic &#8211; jazz &#8211; pop &#8211; rock</title>
	<atom:link href="/cua-hang/feed/" rel="self" type="application/rss+xml" />
	<link>/</link>
	<description>Just another Music pdf site</description>
	<lastBuildDate>Sun, 24 Jan 2021 12:50:14 +0000</lastBuildDate>
	<language>vi</language>
	<sy:updatePeriod>
	hourly	</sy:updatePeriod>
	<sy:updateFrequency>
	1	</sy:updateFrequency>
	<generator>https://wordpress.org/?v=5.7.2</generator>
<site xmlns="com-wordpress:feed-additions:1">188181988</site>	<item>
		<title>etude 1 ragtime</title>
		<link>/sản%20phẩm/etude-1-ragtime/</link>
					<comments>/sản%20phẩm/etude-1-ragtime/#respond</comments>
		
		<dc:creator><![CDATA[admin]]></dc:creator>
		<pubDate>Tue, 19 Jan 2021 08:41:08 +0000</pubDate>
				<guid isPermaLink="false">/?post_type=product&#038;p=280</guid>

					<description><![CDATA[05]]></description>
										<content:encoded><![CDATA[<p><a href="/wp-content/uploads/2021/01/05-1.pdf">05</a></p>
[contact-form]
]]></content:encoded>
					
					<wfw:commentRss>/sản%20phẩm/etude-1-ragtime/feed/</wfw:commentRss>
			<slash:comments>0</slash:comments>
		
		
		<post-id xmlns="com-wordpress:feed-additions:1">280</post-id>	</item>
		<item>
		<title>WordPress Pennant</title>
		<link>/sản%20phẩm/wordpress-pennant/</link>
					<comments>/sản%20phẩm/wordpress-pennant/#respond</comments>
		
		<dc:creator><![CDATA[Shop Manager]]></dc:creator>
		<pubDate>Wed, 16 Jan 2019 13:01:55 +0000</pubDate>
				<guid isPermaLink="false">https://woocommercecore.mystagingwebsite.com/product/wordpress-pennant/</guid>

					<description><![CDATA[This is an external product.]]></description>
										<content:encoded><![CDATA[<p>Pellentesque habitant morbi tristique senectus et netus et malesuada fames ac turpis egestas. Vestibulum tortor quam, feugiat vitae, ultricies eget, tempor sit amet, ante. Donec eu libero sit amet quam egestas semper. Aenean ultricies mi vitae est. Mauris placerat eleifend leo.</p>
]]></content:encoded>
					
					<wfw:commentRss>/sản%20phẩm/wordpress-pennant/feed/</wfw:commentRss>
			<slash:comments>0</slash:comments>
		
		
		<post-id xmlns="com-wordpress:feed-additions:1">82</post-id>	</item>
		<item>
		<title>Logo Collection</title>
		<link>/sản%20phẩm/logo-collection/</link>
					<comments>/sản%20phẩm/logo-collection/#respond</comments>
		
		<dc:creator><![CDATA[Shop Manager]]></dc:creator>
		<pubDate>Wed, 16 Jan 2019 13:01:55 +0000</pubDate>
				<guid isPermaLink="false">https://woocommercecore.mystagingwebsite.com/product/logo-collection/</guid>

					<description><![CDATA[This is a grouped product.]]></description>
										<content:encoded><![CDATA[<p>Pellentesque habitant morbi tristique senectus et netus et malesuada fames ac turpis egestas. Vestibulum tortor quam, feugiat vitae, ultricies eget, tempor sit amet, ante. Donec eu libero sit amet quam egestas semper. Aenean ultricies mi vitae est. Mauris placerat eleifend leo.</p>
]]></content:encoded>
					
					<wfw:commentRss>/sản%20phẩm/logo-collection/feed/</wfw:commentRss>
			<slash:comments>0</slash:comments>
		
		
		<post-id xmlns="com-wordpress:feed-additions:1">81</post-id>	</item>
		<item>
		<title>Beanie with Logo</title>
		<link>/sản%20phẩm/beanie-with-logo/</link>
					<comments>/sản%20phẩm/beanie-with-logo/#respond</comments>
		
		<dc:creator><![CDATA[Shop Manager]]></dc:creator>
		<pubDate>Wed, 16 Jan 2019 13:01:55 +0000</pubDate>
				<guid isPermaLink="false">https://woocommercecore.mystagingwebsite.com/product/beanie-with-logo/</guid>

					<description><![CDATA[This is a simple product.]]></description>
										<content:encoded><![CDATA[<p>Pellentesque habitant morbi tristique senectus et netus et malesuada fames ac turpis egestas. Vestibulum tortor quam, feugiat vitae, ultricies eget, tempor sit amet, ante. Donec eu libero sit amet quam egestas semper. Aenean ultricies mi vitae est. Mauris placerat eleifend leo.</p>
]]></content:encoded>
					
					<wfw:commentRss>/sản%20phẩm/beanie-with-logo/feed/</wfw:commentRss>
			<slash:comments>0</slash:comments>
		
		
		<post-id xmlns="com-wordpress:feed-additions:1">80</post-id>	</item>
		<item>
		<title>T-Shirt with Logo</title>
		<link>/sản%20phẩm/t-shirt-with-logo/</link>
					<comments>/sản%20phẩm/t-shirt-with-logo/#respond</comments>
		
		<dc:creator><![CDATA[Shop Manager]]></dc:creator>
		<pubDate>Wed, 16 Jan 2019 13:01:55 +0000</pubDate>
				<guid isPermaLink="false">https://woocommercecore.mystagingwebsite.com/product/t-shirt-with-logo/</guid>

					<description><![CDATA[This is a simple product.]]></description>
										<content:encoded><![CDATA[<p>Pellentesque habitant morbi tristique senectus et netus et malesuada fames ac turpis egestas. Vestibulum tortor quam, feugiat vitae, ultricies eget, tempor sit amet, ante. Donec eu libero sit amet quam egestas semper. Aenean ultricies mi vitae est. Mauris placerat eleifend leo.</p>
]]></content:encoded>
					
					<wfw:commentRss>/sản%20phẩm/t-shirt-with-logo/feed/</wfw:commentRss>
			<slash:comments>0</slash:comments>
		
		
		<post-id xmlns="com-wordpress:feed-additions:1">79</post-id>	</item>
		<item>
		<title>Single</title>
		<link>/sản%20phẩm/single/</link>
					<comments>/sản%20phẩm/single/#respond</comments>
		
		<dc:creator><![CDATA[Shop Manager]]></dc:creator>
		<pubDate>Wed, 16 Jan 2019 13:01:54 +0000</pubDate>
				<guid isPermaLink="false">https://woocommercecore.mystagingwebsite.com/product/single/</guid>

					<description><![CDATA[This is a simple, virtual product.]]></description>
										<content:encoded><![CDATA[<p>Lorem ipsum dolor sit amet, consectetur adipiscing elit. Vestibulum sagittis orci ac odio dictum tincidunt. Donec ut metus leo. Class aptent taciti sociosqu ad litora torquent per conubia nostra, per inceptos himenaeos. Sed luctus, dui eu sagittis sodales, nulla nibh sagittis augue, vel porttitor diam enim non metus. Vestibulum aliquam augue neque. Phasellus tincidunt odio eget ullamcorper efficitur. Cras placerat ut turpis pellentesque vulputate. Nam sed consequat tortor. Curabitur finibus sapien dolor. Ut eleifend tellus nec erat pulvinar dignissim. Nam non arcu purus. Vivamus et massa massa.</p>
]]></content:encoded>
					
					<wfw:commentRss>/sản%20phẩm/single/feed/</wfw:commentRss>
			<slash:comments>0</slash:comments>
		
		
		<post-id xmlns="com-wordpress:feed-additions:1">72</post-id>	</item>
		<item>
		<title>Album</title>
		<link>/sản%20phẩm/album/</link>
					<comments>/sản%20phẩm/album/#respond</comments>
		
		<dc:creator><![CDATA[Shop Manager]]></dc:creator>
		<pubDate>Wed, 16 Jan 2019 13:01:54 +0000</pubDate>
				<guid isPermaLink="false">https://woocommercecore.mystagingwebsite.com/product/album/</guid>

					<description><![CDATA[This is a simple, virtual product.]]></description>
										<content:encoded><![CDATA[<p>Lorem ipsum dolor sit amet, consectetur adipiscing elit. Vestibulum sagittis orci ac odio dictum tincidunt. Donec ut metus leo. Class aptent taciti sociosqu ad litora torquent per conubia nostra, per inceptos himenaeos. Sed luctus, dui eu sagittis sodales, nulla nibh sagittis augue, vel porttitor diam enim non metus. Vestibulum aliquam augue neque. Phasellus tincidunt odio eget ullamcorper efficitur. Cras placerat ut turpis pellentesque vulputate. Nam sed consequat tortor. Curabitur finibus sapien dolor. Ut eleifend tellus nec erat pulvinar dignissim. Nam non arcu purus. Vivamus et massa massa.</p>
]]></content:encoded>
					
					<wfw:commentRss>/sản%20phẩm/album/feed/</wfw:commentRss>
			<slash:comments>0</slash:comments>
		
		
		<post-id xmlns="com-wordpress:feed-additions:1">71</post-id>	</item>
		<item>
		<title>Polo</title>
		<link>/sản%20phẩm/polo/</link>
					<comments>/sản%20phẩm/polo/#respond</comments>
		
		<dc:creator><![CDATA[Shop Manager]]></dc:creator>
		<pubDate>Wed, 16 Jan 2019 13:01:53 +0000</pubDate>
				<guid isPermaLink="false">https://woocommercecore.mystagingwebsite.com/product/polo/</guid>

					<description><![CDATA[This is a simple product.]]></description>
										<content:encoded><![CDATA[<p>Pellentesque habitant morbi tristique senectus et netus et malesuada fames ac turpis egestas. Vestibulum tortor quam, feugiat vitae, ultricies eget, tempor sit amet, ante. Donec eu libero sit amet quam egestas semper. Aenean ultricies mi vitae est. Mauris placerat eleifend leo.</p>
]]></content:encoded>
					
					<wfw:commentRss>/sản%20phẩm/polo/feed/</wfw:commentRss>
			<slash:comments>0</slash:comments>
		
		
		<post-id xmlns="com-wordpress:feed-additions:1">70</post-id>	</item>
		<item>
		<title>Long Sleeve Tee</title>
		<link>/sản%20phẩm/long-sleeve-tee/</link>
					<comments>/sản%20phẩm/long-sleeve-tee/#respond</comments>
		
		<dc:creator><![CDATA[Shop Manager]]></dc:creator>
		<pubDate>Wed, 16 Jan 2019 13:01:53 +0000</pubDate>
				<guid isPermaLink="false">https://woocommercecore.mystagingwebsite.com/product/long-sleeve-tee/</guid>

					<description><![CDATA[This is a simple product.]]></description>
										<content:encoded><![CDATA[<p>Pellentesque habitant morbi tristique senectus et netus et malesuada fames ac turpis egestas. Vestibulum tortor quam, feugiat vitae, ultricies eget, tempor sit amet, ante. Donec eu libero sit amet quam egestas semper. Aenean ultricies mi vitae est. Mauris placerat eleifend leo.</p>
]]></content:encoded>
					
					<wfw:commentRss>/sản%20phẩm/long-sleeve-tee/feed/</wfw:commentRss>
			<slash:comments>0</slash:comments>
		
		
		<post-id xmlns="com-wordpress:feed-additions:1">69</post-id>	</item>
		<item>
		<title>Hoodie with Zipper</title>
		<link>/sản%20phẩm/hoodie-with-zipper/</link>
					<comments>/sản%20phẩm/hoodie-with-zipper/#respond</comments>
		
		<dc:creator><![CDATA[Shop Manager]]></dc:creator>
		<pubDate>Wed, 16 Jan 2019 13:01:53 +0000</pubDate>
				<guid isPermaLink="false">https://woocommercecore.mystagingwebsite.com/product/hoodie-with-zipper/</guid>

					<description><![CDATA[This is a simple product.]]></description>
										<content:encoded><![CDATA[<p>Pellentesque habitant morbi tristique senectus et netus et malesuada fames ac turpis egestas. Vestibulum tortor quam, feugiat vitae, ultricies eget, tempor sit amet, ante. Donec eu libero sit amet quam egestas semper. Aenean ultricies mi vitae est. Mauris placerat eleifend leo.</p>
]]></content:encoded>
					
					<wfw:commentRss>/sản%20phẩm/hoodie-with-zipper/feed/</wfw:commentRss>
			<slash:comments>0</slash:comments>
		
		
		<post-id xmlns="com-wordpress:feed-additions:1">68</post-id>	</item>
	</channel>
</rss>
