<?xml version="1.0" encoding="UTF-8"?><rss version="2.0"
	xmlns:content="http://purl.org/rss/1.0/modules/content/"
	xmlns:wfw="http://wellformedweb.org/CommentAPI/"
	xmlns:dc="http://purl.org/dc/elements/1.1/"
	xmlns:atom="http://www.w3.org/2005/Atom"
	xmlns:sy="http://purl.org/rss/1.0/modules/syndication/"
	xmlns:slash="http://purl.org/rss/1.0/modules/slash/"
	
	xmlns:georss="http://www.georss.org/georss"
	xmlns:geo="http://www.w3.org/2003/01/geo/wgs84_pos#"
	>

<channel>
	<title>Phụ kiện &#8211; pdfmusic &#8211; jazz &#8211; pop &#8211; rock</title>
	<atom:link href="/danh-muc-san-pham/accessories/feed/" rel="self" type="application/rss+xml" />
	<link>/</link>
	<description>Just another Music pdf site</description>
	<lastBuildDate>Wed, 16 Jan 2019 13:01:55 +0000</lastBuildDate>
	<language>vi</language>
	<sy:updatePeriod>
	hourly	</sy:updatePeriod>
	<sy:updateFrequency>
	1	</sy:updateFrequency>
	<generator>https://wordpress.org/?v=5.7.2</generator>
<site xmlns="com-wordpress:feed-additions:1">188181988</site>	<item>
		<title>Beanie with Logo</title>
		<link>/sản%20phẩm/beanie-with-logo/</link>
					<comments>/sản%20phẩm/beanie-with-logo/#respond</comments>
		
		<dc:creator><![CDATA[Shop Manager]]></dc:creator>
		<pubDate>Wed, 16 Jan 2019 13:01:55 +0000</pubDate>
				<guid isPermaLink="false">https://woocommercecore.mystagingwebsite.com/product/beanie-with-logo/</guid>

					<description><![CDATA[This is a simple product.]]></description>
										<content:encoded><![CDATA[<p>Pellentesque habitant morbi tristique senectus et netus et malesuada fames ac turpis egestas. Vestibulum tortor quam, feugiat vitae, ultricies eget, tempor sit amet, ante. Donec eu libero sit amet quam egestas semper. Aenean ultricies mi vitae est. Mauris placerat eleifend leo.</p>
]]></content:encoded>
					
					<wfw:commentRss>/sản%20phẩm/beanie-with-logo/feed/</wfw:commentRss>
			<slash:comments>0</slash:comments>
		
		
		<post-id xmlns="com-wordpress:feed-additions:1">80</post-id>	</item>
		<item>
		<title>Cap</title>
		<link>/sản%20phẩm/cap/</link>
					<comments>/sản%20phẩm/cap/#respond</comments>
		
		<dc:creator><![CDATA[Shop Manager]]></dc:creator>
		<pubDate>Wed, 16 Jan 2019 13:01:53 +0000</pubDate>
				<guid isPermaLink="false">https://woocommercecore.mystagingwebsite.com/product/cap/</guid>

					<description><![CDATA[This is a simple product.]]></description>
										<content:encoded><![CDATA[<p>Pellentesque habitant morbi tristique senectus et netus et malesuada fames ac turpis egestas. Vestibulum tortor quam, feugiat vitae, ultricies eget, tempor sit amet, ante. Donec eu libero sit amet quam egestas semper. Aenean ultricies mi vitae est. Mauris placerat eleifend leo.</p>
]]></content:encoded>
					
					<wfw:commentRss>/sản%20phẩm/cap/feed/</wfw:commentRss>
			<slash:comments>0</slash:comments>
		
		
		<post-id xmlns="com-wordpress:feed-additions:1">65</post-id>	</item>
		<item>
		<title>Sunglasses</title>
		<link>/sản%20phẩm/sunglasses/</link>
					<comments>/sản%20phẩm/sunglasses/#respond</comments>
		
		<dc:creator><![CDATA[Shop Manager]]></dc:creator>
		<pubDate>Wed, 16 Jan 2019 13:01:53 +0000</pubDate>
				<guid isPermaLink="false">https://woocommercecore.mystagingwebsite.com/product/sunglasses/</guid>

					<description><![CDATA[This is a simple product.]]></description>
										<content:encoded><![CDATA[<p>Pellentesque habitant morbi tristique senectus et netus et malesuada fames ac turpis egestas. Vestibulum tortor quam, feugiat vitae, ultricies eget, tempor sit amet, ante. Donec eu libero sit amet quam egestas semper. Aenean ultricies mi vitae est. Mauris placerat eleifend leo.</p>
]]></content:encoded>
					
					<wfw:commentRss>/sản%20phẩm/sunglasses/feed/</wfw:commentRss>
			<slash:comments>0</slash:comments>
		
		
		<post-id xmlns="com-wordpress:feed-additions:1">66</post-id>	</item>
		<item>
		<title>Beanie</title>
		<link>/sản%20phẩm/beanie/</link>
					<comments>/sản%20phẩm/beanie/#respond</comments>
		
		<dc:creator><![CDATA[Shop Manager]]></dc:creator>
		<pubDate>Wed, 16 Jan 2019 13:01:52 +0000</pubDate>
				<guid isPermaLink="false">https://woocommercecore.mystagingwebsite.com/product/beanie/</guid>

					<description><![CDATA[This is a simple product.]]></description>
										<content:encoded><![CDATA[<p>Pellentesque habitant morbi tristique senectus et netus et malesuada fames ac turpis egestas. Vestibulum tortor quam, feugiat vitae, ultricies eget, tempor sit amet, ante. Donec eu libero sit amet quam egestas semper. Aenean ultricies mi vitae est. Mauris placerat eleifend leo.</p>
]]></content:encoded>
					
					<wfw:commentRss>/sản%20phẩm/beanie/feed/</wfw:commentRss>
			<slash:comments>0</slash:comments>
		
		
		<post-id xmlns="com-wordpress:feed-additions:1">63</post-id>	</item>
		<item>
		<title>Belt</title>
		<link>/sản%20phẩm/belt/</link>
					<comments>/sản%20phẩm/belt/#respond</comments>
		
		<dc:creator><![CDATA[Shop Manager]]></dc:creator>
		<pubDate>Wed, 16 Jan 2019 13:01:52 +0000</pubDate>
				<guid isPermaLink="false">https://woocommercecore.mystagingwebsite.com/product/belt/</guid>

					<description><![CDATA[This is a simple product.]]></description>
										<content:encoded><![CDATA[<p>Pellentesque habitant morbi tristique senectus et netus et malesuada fames ac turpis egestas. Vestibulum tortor quam, feugiat vitae, ultricies eget, tempor sit amet, ante. Donec eu libero sit amet quam egestas semper. Aenean ultricies mi vitae est. Mauris placerat eleifend leo.</p>
]]></content:encoded>
					
					<wfw:commentRss>/sản%20phẩm/belt/feed/</wfw:commentRss>
			<slash:comments>0</slash:comments>
		
		
		<post-id xmlns="com-wordpress:feed-additions:1">64</post-id>	</item>
	</channel>
</rss>
